pc,locality
15290,Venustiano Carranza
15300,Venustiano Carranza
15309,Venustiano Carranza
15310,Venustiano Carranza
15320,Venustiano Carranza
15330,Venustiano Carranza
15339,Venustiano Carranza
15340,Venustiano Carranza
15350,Venustiano Carranza
15370,Venustiano Carranza
15380,Venustiano Carranza
15390,Venustiano Carranza
15400,Venustiano Carranza
15410,Venustiano Carranza
15420,Venustiano Carranza
15430,Venustiano Carranza
15440,Venustiano Carranza
15450,Venustiano Carranza
15460,Venustiano Carranza
15470,Venustiano Carranza
15500,Venustiano Carranza
15510,Venustiano Carranza
15520,Venustiano Carranza
15530,Venustiano Carranza
15540,Venustiano Carranza
15600,Venustiano Carranza
15610,Venustiano Carranza
15620,Venustiano Carranza
15630,Venustiano Carranza
15640,Venustiano Carranza
15640,Venustiano Carranza
15650,Venustiano Carranza
15660,Venustiano Carranza
15670,Venustiano Carranza
15680,Venustiano Carranza
15700,Venustiano Carranza
15710,Venustiano Carranza
15730,Venustiano Carranza
15740,Venustiano Carranza
15750,Venustiano Carranza
15800,Venustiano Carranza
15810,Venustiano Carranza
15820,Venustiano Carranza
15830,Venustiano Carranza
15840,Venustiano Carranza
15850,Venustiano Carranza
15860,Venustiano Carranza
5270,Cuajimalpa de Morelos
5280,Cuajimalpa de Morelos
5310,Cuajimalpa de Morelos
5320,Cuajimalpa de Morelos
5330,Cuajimalpa de Morelos
5330,Cuajimalpa de Morelos
5330,Cuajimalpa de Morelos
5330,Cuajimalpa de Morelos
5348,Cuajimalpa de Morelos
5360,Cuajimalpa de Morelos
5370,Cuajimalpa de Morelos
5379,Cuajimalpa de Morelos
5400,Cuajimalpa de Morelos
5410,Cuajimalpa de Morelos
5410,Cuajimalpa de Morelos
5500,Cuajimalpa de Morelos
5520,Cuajimalpa de Morelos
5530,Cuajimalpa de Morelos
5600,Cuajimalpa de Morelos
5610,Cuajimalpa de Morelos
5700,Cuajimalpa de Morelos
5710,Cuajimalpa de Morelos
5730,Cuajimalpa de Morelos
5750,Cuajimalpa de Morelos
5760,Cuajimalpa de Morelos
5780,Cuajimalpa de Morelos
6000,Cuauhtémoc
6010,Cuauhtémoc
6020,Cuauhtémoc
6030,Cuauhtémoc
6040,Cuauhtémoc
6050,Cuauhtémoc
6060,Cuauhtémoc
6070,Cuauhtémoc
6080,Cuauhtémoc
6090,Cuauhtémoc
6100,Cuauhtémoc
6140,Cuauhtémoc
6170,Cuauhtémoc
6200,Cuauhtémoc
6220,Cuauhtémoc
6240,Cuauhtémoc
6250,Cuauhtémoc
6270,Cuauhtémoc
6280,Cuauhtémoc
6300,Cuauhtémoc
6350,Cuauhtémoc
6400,Cuauhtémoc
6430,Cuauhtémoc
6450,Cuauhtémoc
6470,Cuauhtémoc
6500,Cuauhtémoc
6600,Cuauhtémoc
6700,Cuauhtémoc
6720,Cuauhtémoc
1389,Álvaro Obregón
1400,Álvaro Obregón
1400,Álvaro Obregón
1407,Álvaro Obregón
1408,Álvaro Obregón
1410,Álvaro Obregón
1410,Álvaro Obregón
1419,Álvaro Obregón
1420,Álvaro Obregón
1420,Álvaro Obregón
1430,Álvaro Obregón
1450,Álvaro Obregón
1460,Álvaro Obregón
1470,Álvaro Obregón
1470,Álvaro Obregón
1480,Álvaro Obregón
1490,Álvaro Obregón
1500,Álvaro Obregón
1500,Álvaro Obregón
1509,Álvaro Obregón
1510,Álvaro Obregón
1510,Álvaro Obregón
1510,Álvaro Obregón
1520,Álvaro Obregón
1520,Álvaro Obregón
1520,Álvaro Obregón
1520,Álvaro Obregón
1520,Álvaro Obregón
1530,Álvaro Obregón
1538,Álvaro Obregón
1539,Álvaro Obregón
1539,Álvaro Obregón
1540,Álvaro Obregón
1540,Álvaro Obregón
1540,Álvaro Obregón
1540,Álvaro Obregón
1548,Álvaro Obregón
1549,Álvaro Obregón
1550,Álvaro Obregón
1550,Álvaro Obregón
1550,Álvaro Obregón
1560,Álvaro Obregón
1560,Álvaro Obregón
1560,Álvaro Obregón
1560,Álvaro Obregón
1566,Álvaro Obregón
1569,Álvaro Obregón
1588,Álvaro Obregón
1590,Álvaro Obregón
1600,Álvaro Obregón
1610,Álvaro Obregón
1610,Álvaro Obregón
1618,Álvaro Obregón
1618,Álvaro Obregón
1619,Álvaro Obregón
16430,Xochimilco
16440,Xochimilco
16443,Xochimilco
16450,Xochimilco
16457,Xochimilco
16459,Xochimilco
16500,Xochimilco
16513,Xochimilco
16513,Xochimilco
16514,Xochimilco
16514,Xochimilco
16514,Xochimilco
16520,Xochimilco
16530,Xochimilco
16530,Xochimilco
16533,Xochimilco
16550,Xochimilco
16600,Xochimilco
16604,Xochimilco
16605,Xochimilco
16606,Xochimilco
16607,Xochimilco
16609,Xochimilco
16610,Xochimilco
16614,Xochimilco
16615,Xochimilco
16616,Xochimilco
16617,Xochimilco
16620,Xochimilco
16629,Xochimilco
16629,Xochimilco
16630,Xochimilco
16640,Xochimilco
16710,Xochimilco
16720,Xochimilco
16739,Xochimilco
16740,Xochimilco
16749,Xochimilco
16750,Xochimilco
16770,Xochimilco
16776,Xochimilco
16776,Xochimilco
16780,Xochimilco
16780,Xochimilco
16780,Xochimilco
16780,Xochimilco
16780,Xochimilco
16797,Xochimilco
16799,Xochimilco
16800,Xochimilco
16810,Xochimilco
16810,Xochimilco
16810,Xochimilco
16813,Xochimilco
16840,Xochimilco
16850,Xochimilco
16860,Xochimilco
16880,Xochimilco
16900,Xochimilco
4040,Coyoacán
4100,Coyoacán
4120,Coyoacán
4120,Coyoacán
4200,Coyoacán
4210,Coyoacán
4230,Coyoacán
4240,Coyoacán
4250,Coyoacán
4260,Coyoacán
4260,Coyoacán
4260,Coyoacán
4260,Coyoacán
4300,Coyoacán
4310,Coyoacán
4318,Coyoacán
4320,Coyoacán
4320,Coyoacán
4330,Coyoacán
4330,Coyoacán
4330,Coyoacán
4340,Coyoacán
4360,Coyoacán
4360,Coyoacán
4369,Coyoacán
4370,Coyoacán
4370,Coyoacán
4380,Coyoacán
4380,Coyoacán
4390,Coyoacán
4390,Coyoacán
4400,Coyoacán
4410,Coyoacán
4420,Coyoacán
4440,Coyoacán
4440,Coyoacán
4440,Coyoacán
4450,Coyoacán
4460,Coyoacán
4470,Coyoacán
4470,Coyoacán
4480,Coyoacán
4480,Coyoacán
4480,Coyoacán
4480,Coyoacán
4489,Coyoacán
4490,Coyoacán
4490,Coyoacán
4500,Coyoacán
4510,Coyoacán
4519,Coyoacán
4530,Coyoacán
4600,Coyoacán
4610,Coyoacán
4620,Coyoacán
4630,Coyoacán
7183,Gustavo A. Madero
7187,Gustavo A. Madero
7188,Gustavo A. Madero
7189,Gustavo A. Madero
7190,Gustavo A. Madero
7199,Gustavo A. Madero
7200,Gustavo A. Madero
7207,Gustavo A. Madero
7209,Gustavo A. Madero
7210,Gustavo A. Madero
7214,Gustavo A. Madero
7220,Gustavo A. Madero
7220,Gustavo A. Madero
7224,Gustavo A. Madero
7230,Gustavo A. Madero
7239,Gustavo A. Madero
7240,Gustavo A. Madero
7250,Gustavo A. Madero
7259,Gustavo A. Madero
7268,Gustavo A. Madero
7270,Gustavo A. Madero
7279,Gustavo A. Madero
7280,Gustavo A. Madero
7290,Gustavo A. Madero
7300,Gustavo A. Madero
7300,Gustavo A. Madero
7310,Gustavo A. Madero
7320,Gustavo A. Madero
7320,Gustavo A. Madero
7330,Gustavo A. Madero
7340,Gustavo A. Madero
7340,Gustavo A. Madero
7350,Gustavo A. Madero
7350,Gustavo A. Madero
7359,Gustavo A. Madero
7360,Gustavo A. Madero
7369,Gustavo A. Madero
7370,Gustavo A. Madero
7380,Gustavo A. Madero
7380,Gustavo A. Madero
7400,Gustavo A. Madero
7410,Gustavo A. Madero
7410,Gustavo A. Madero
7420,Gustavo A. Madero
7420,Gustavo A. Madero
7430,Gustavo A. Madero
7440,Gustavo A. Madero
7450,Gustavo A. Madero
7455,Gustavo A. Madero
7456,Gustavo A. Madero
7460,Gustavo A. Madero
7469,Gustavo A. Madero
7470,Gustavo A. Madero
7480,Gustavo A. Madero
7500,Gustavo A. Madero
7509,Gustavo A. Madero
2480,Azcapotzalco
2490,Azcapotzalco
2500,Azcapotzalco
2519,Azcapotzalco
2520,Azcapotzalco
2530,Azcapotzalco
2600,Azcapotzalco
2630,Azcapotzalco
2630,Azcapotzalco
2640,Azcapotzalco
2650,Azcapotzalco
2660,Azcapotzalco
2670,Azcapotzalco
2680,Azcapotzalco
2700,Azcapotzalco
2710,Azcapotzalco
2719,Azcapotzalco
2720,Azcapotzalco
2720,Azcapotzalco
2730,Azcapotzalco
2750,Azcapotzalco
2760,Azcapotzalco
2760,Azcapotzalco
2770,Azcapotzalco
2780,Azcapotzalco
2790,Azcapotzalco
2800,Azcapotzalco
2810,Azcapotzalco
2810,Azcapotzalco
2830,Azcapotzalco
2840,Azcapotzalco
2860,Azcapotzalco
2870,Azcapotzalco
2900,Azcapotzalco
2910,Azcapotzalco
2920,Azcapotzalco
2930,Azcapotzalco
2940,Azcapotzalco
2950,Azcapotzalco
2960,Azcapotzalco
2970,Azcapotzalco
2980,Azcapotzalco
2980,Azcapotzalco
2990,Azcapotzalco
3000,Benito Juárez
3010,Benito Juárez
3020,Benito Juárez
3023,Benito Juárez
3100,Benito Juárez
3100,Benito Juárez
1000,Álvaro Obregón
1010,Álvaro Obregón
1020,Álvaro Obregón
1030,Álvaro Obregón
1030,Álvaro Obregón
1040,Álvaro Obregón
1049,Álvaro Obregón
1050,Álvaro Obregón
1060,Álvaro Obregón
1060,Álvaro Obregón
1070,Álvaro Obregón
1080,Álvaro Obregón
1089,Álvaro Obregón
1090,Álvaro Obregón
1090,Álvaro Obregón
1090,Álvaro Obregón
1100,Álvaro Obregón
1109,Álvaro Obregón
1110,Álvaro Obregón
1110,Álvaro Obregón
1110,Álvaro Obregón
1110,Álvaro Obregón
1120,Álvaro Obregón
1120,Álvaro Obregón
1120,Álvaro Obregón
1120,Álvaro Obregón
1125,Álvaro Obregón
1130,Álvaro Obregón
1130,Álvaro Obregón
1130,Álvaro Obregón
1139,Álvaro Obregón
1140,Álvaro Obregón
1140,Álvaro Obregón
1150,Álvaro Obregón
1150,Álvaro Obregón
1160,Álvaro Obregón
1160,Álvaro Obregón
1160,Álvaro Obregón
1160,Álvaro Obregón
1170,Álvaro Obregón
1180,Álvaro Obregón
1180,Álvaro Obregón
1180,Álvaro Obregón
1200,Álvaro Obregón
1210,Álvaro Obregón
1219,Álvaro Obregón
1220,Álvaro Obregón
1220,Álvaro Obregón
1220,Álvaro Obregón
1220,Álvaro Obregón
1220,Álvaro Obregón
1857,Álvaro Obregón
1859,Álvaro Obregón
1860,Álvaro Obregón
1863,Álvaro Obregón
1870,Álvaro Obregón
1900,Álvaro Obregón
1904,Álvaro Obregón
2000,Azcapotzalco
2010,Azcapotzalco
2010,Azcapotzalco
2010,Azcapotzalco
2020,Azcapotzalco
2020,Azcapotzalco
2040,Azcapotzalco
2040,Azcapotzalco
2050,Azcapotzalco
2050,Azcapotzalco
2060,Azcapotzalco
2060,Azcapotzalco
2070,Azcapotzalco
2070,Azcapotzalco
2080,Azcapotzalco
2080,Azcapotzalco
2090,Azcapotzalco
2099,Azcapotzalco
2100,Azcapotzalco
2120,Azcapotzalco
2128,Azcapotzalco
2129,Azcapotzalco
2130,Azcapotzalco
2140,Azcapotzalco
2150,Azcapotzalco
2160,Azcapotzalco
2200,Azcapotzalco
2230,Azcapotzalco
2240,Azcapotzalco
2240,Azcapotzalco
2250,Azcapotzalco
2300,Azcapotzalco
2310,Azcapotzalco
2320,Azcapotzalco
2330,Azcapotzalco
2340,Azcapotzalco
2360,Azcapotzalco
2400,Azcapotzalco
2410,Azcapotzalco
2420,Azcapotzalco
2440,Azcapotzalco
2459,Azcapotzalco
2460,Azcapotzalco
2470,Azcapotzalco
9360,Iztapalapa
9400,Iztapalapa
9400,Iztapalapa
9410,Iztapalapa
9410,Iztapalapa
9410,Iztapalapa
9410,Iztapalapa
9420,Iztapalapa
9420,Iztapalapa
9429,Iztapalapa
9430,Iztapalapa
9430,Iztapalapa
9438,Iztapalapa
9440,Iztapalapa
9440,Iztapalapa
9440,Iztapalapa
9450,Iztapalapa
9460,Iztapalapa
9470,Iztapalapa
9479,Iztapalapa
9480,Iztapalapa
9500,Iztapalapa
9500,Iztapalapa
9510,Iztapalapa
9520,Iztapalapa
9520,Iztapalapa
9530,Iztapalapa
9550,Iztapalapa
9560,Iztapalapa
9570,Iztapalapa
9578,Iztapalapa
9600,Iztapalapa
9608,Iztapalapa
9609,Iztapalapa
9620,Iztapalapa
9630,Iztapalapa
9630,Iztapalapa
9630,Iztapalapa
9630,Iztapalapa
9630,Iztapalapa
9630,Iztapalapa
9630,Iztapalapa
9630,Iztapalapa
9630,Iztapalapa
9630,Iztapalapa
9630,Iztapalapa
9630,Iztapalapa
9630,Iztapalapa
9630,Iztapalapa
9630,Iztapalapa
9637,Iztapalapa
9638,Iztapalapa
9640,Iztapalapa
9640,Iztapalapa
9648,Iztapalapa
11280,Miguel Hidalgo
11289,Miguel Hidalgo
11290,Miguel Hidalgo
11290,Miguel Hidalgo
11300,Miguel Hidalgo
11310,Miguel Hidalgo
11320,Miguel Hidalgo
11320,Miguel Hidalgo
11330,Miguel Hidalgo
11340,Miguel Hidalgo
11350,Miguel Hidalgo
11360,Miguel Hidalgo
11370,Miguel Hidalgo
11400,Miguel Hidalgo
11410,Miguel Hidalgo
11410,Miguel Hidalgo
11420,Miguel Hidalgo
11430,Miguel Hidalgo
11430,Miguel Hidalgo
11440,Miguel Hidalgo
11440,Miguel Hidalgo
11450,Miguel Hidalgo
11450,Miguel Hidalgo
11450,Miguel Hidalgo
11460,Miguel Hidalgo
11460,Miguel Hidalgo
11460,Miguel Hidalgo
11460,Miguel Hidalgo
11470,Miguel Hidalgo
11470,Miguel Hidalgo
11480,Miguel Hidalgo
11480,Miguel Hidalgo
11489,Miguel Hidalgo
11490,Miguel Hidalgo
11490,Miguel Hidalgo
11500,Miguel Hidalgo
11510,Miguel Hidalgo
11520,Miguel Hidalgo
11529,Miguel Hidalgo
11530,Miguel Hidalgo
11540,Miguel Hidalgo
11550,Miguel Hidalgo
11560,Miguel Hidalgo
11570,Miguel Hidalgo
11580,Miguel Hidalgo
11590,Miguel Hidalgo
11600,Miguel Hidalgo
11610,Miguel Hidalgo
11619,Miguel Hidalgo
11650,Miguel Hidalgo
9839,Iztapalapa
9839,Iztapalapa
9840,Iztapalapa
9849,Iztapalapa
9850,Iztapalapa
9850,Iztapalapa
9850,Iztapalapa
9856,Iztapalapa
9856,Iztapalapa
9858,Iztapalapa
9859,Iztapalapa
9860,Iztapalapa
9860,Iztapalapa
9860,Iztapalapa
9860,Iztapalapa
9860,Iztapalapa
9860,Iztapalapa
9868,Iztapalapa
9870,Iztapalapa
9870,Iztapalapa
9870,Iztapalapa
9870,Iztapalapa
9880,Iztapalapa
9880,Iztapalapa
9890,Iztapalapa
9897,Iztapalapa
9900,Iztapalapa
9900,Iztapalapa
9900,Iztapalapa
9910,Iztapalapa
9920,Iztapalapa
9930,Iztapalapa
9940,Iztapalapa
9960,Iztapalapa
9960,Iztapalapa
9960,Iztapalapa
9960,Iztapalapa
9960,Iztapalapa
9969,Iztapalapa
9970,Iztapalapa
10000,La Magdalena Contreras
10010,La Magdalena Contreras
10010,La Magdalena Contreras
10020,La Magdalena Contreras
10130,La Magdalena Contreras
10200,La Magdalena Contreras
10300,La Magdalena Contreras
10320,La Magdalena Contreras
10330,La Magdalena Contreras
10340,La Magdalena Contreras
10350,La Magdalena Contreras
10360,La Magdalena Contreras
10368,La Magdalena Contreras
10369,La Magdalena Contreras
10369,La Magdalena Contreras
10370,La Magdalena Contreras
14270,Tlalpan
14270,Tlalpan
14275,Tlalpan
14300,Tlalpan
14300,Tlalpan
14300,Tlalpan
14308,Tlalpan
14310,Tlalpan
14310,Tlalpan
14320,Tlalpan
14325,Tlalpan
14326,Tlalpan
14330,Tlalpan
14330,Tlalpan
14340,Tlalpan
14340,Tlalpan
14350,Tlalpan
14357,Tlalpan
14357,Tlalpan
14360,Tlalpan
14360,Tlalpan
14370,Tlalpan
14370,Tlalpan
14370,Tlalpan
14376,Tlalpan
14377,Tlalpan
14380,Tlalpan
14380,Tlalpan
14386,Tlalpan
14387,Tlalpan
14388,Tlalpan
14389,Tlalpan
14390,Tlalpan
14390,Tlalpan
14390,Tlalpan
14390,Tlalpan
14400,Tlalpan
14406,Tlalpan
14408,Tlalpan
14409,Tlalpan
14410,Tlalpan
14410,Tlalpan
14420,Tlalpan
14420,Tlalpan
14420,Tlalpan
14426,Tlalpan
14426,Tlalpan
14427,Tlalpan
14427,Tlalpan
14429,Tlalpan
14430,Tlalpan
14430,Tlalpan
14438,Tlalpan
14439,Tlalpan
14440,Tlalpan
14449,Tlalpan
14449,Tlalpan
14449,Tlalpan
14460,Tlalpan
14470,Tlalpan
14476,Tlalpan
1619,Álvaro Obregón
1620,Álvaro Obregón
1630,Álvaro Obregón
1630,Álvaro Obregón
1630,Álvaro Obregón
1640,Álvaro Obregón
1645,Álvaro Obregón
1650,Álvaro Obregón
1650,Álvaro Obregón
1650,Álvaro Obregón
1650,Álvaro Obregón
1650,Álvaro Obregón
1650,Álvaro Obregón
1650,Álvaro Obregón
1700,Álvaro Obregón
1700,Álvaro Obregón
1700,Álvaro Obregón
1700,Álvaro Obregón
1700,Álvaro Obregón
1700,Álvaro Obregón
1708,Álvaro Obregón
1708,Álvaro Obregón
1710,Álvaro Obregón
1710,Álvaro Obregón
1720,Álvaro Obregón
1729,Álvaro Obregón
1730,Álvaro Obregón
1730,Álvaro Obregón
1740,Álvaro Obregón
1740,Álvaro Obregón
1740,Álvaro Obregón
1750,Álvaro Obregón
1750,Álvaro Obregón
1750,Álvaro Obregón
1759,Álvaro Obregón
1760,Álvaro Obregón
1760,Álvaro Obregón
1760,Álvaro Obregón
1770,Álvaro Obregón
1770,Álvaro Obregón
1780,Álvaro Obregón
1780,Álvaro Obregón
1789,Álvaro Obregón
1790,Álvaro Obregón
1790,Álvaro Obregón
1800,Álvaro Obregón
1807,Álvaro Obregón
1810,Álvaro Obregón
1820,Álvaro Obregón
1820,Álvaro Obregón
1830,Álvaro Obregón
1840,Álvaro Obregón
1849,Álvaro Obregón
1849,Álvaro Obregón
7890,Gustavo A. Madero
7899,Gustavo A. Madero
7900,Gustavo A. Madero
7910,Gustavo A. Madero
7918,Gustavo A. Madero
7919,Gustavo A. Madero
7920,Gustavo A. Madero
7920,Gustavo A. Madero
7930,Gustavo A. Madero
7939,Gustavo A. Madero
7940,Gustavo A. Madero
7950,Gustavo A. Madero
7960,Gustavo A. Madero
7960,Gustavo A. Madero
7960,Gustavo A. Madero
7969,Gustavo A. Madero
7969,Gustavo A. Madero
7970,Gustavo A. Madero
7979,Gustavo A. Madero
7979,Gustavo A. Madero
7980,Gustavo A. Madero
7990,Gustavo A. Madero
8000,Iztacalco
8010,Iztacalco
8020,Iztacalco
8030,Iztacalco
8040,Iztacalco
8100,Iztacalco
8200,Iztacalco
8210,Iztacalco
8220,Iztacalco
8230,Iztacalco
8240,Iztacalco
8300,Iztacalco
8310,Iztacalco
8320,Iztacalco
8400,Iztacalco
8420,Iztacalco
8500,Iztacalco
8510,Iztacalco
8600,Iztacalco
8610,Iztacalco
8620,Iztacalco
8650,Iztacalco
8700,Iztacalco
8710,Iztacalco
8720,Iztacalco
8730,Iztacalco
8760,Iztacalco
8760,Iztacalco
8760,Iztacalco
8770,Iztacalco
8800,Iztacalco
6760,Cuauhtémoc
6780,Cuauhtémoc
6800,Cuauhtémoc
6820,Cuauhtémoc
6840,Cuauhtémoc
6850,Cuauhtémoc
6860,Cuauhtémoc
6870,Cuauhtémoc
6880,Cuauhtémoc
6890,Cuauhtémoc
6900,Cuauhtémoc
6920,Cuauhtémoc
7000,Gustavo A. Madero
7010,Gustavo A. Madero
7010,Gustavo A. Madero
7010,Gustavo A. Madero
7020,Gustavo A. Madero
7040,Gustavo A. Madero
7050,Gustavo A. Madero
7058,Gustavo A. Madero
7060,Gustavo A. Madero
7069,Gustavo A. Madero
7070,Gustavo A. Madero
7070,Gustavo A. Madero
7070,Gustavo A. Madero
7080,Gustavo A. Madero
7089,Gustavo A. Madero
7090,Gustavo A. Madero
7090,Gustavo A. Madero
7100,Gustavo A. Madero
7100,Gustavo A. Madero
7109,Gustavo A. Madero
7110,Gustavo A. Madero
7119,Gustavo A. Madero
7119,Gustavo A. Madero
7130,Gustavo A. Madero
7130,Gustavo A. Madero
7140,Gustavo A. Madero
7140,Gustavo A. Madero
7140,Gustavo A. Madero
7140,Gustavo A. Madero
7144,Gustavo A. Madero
7144,Gustavo A. Madero
7149,Gustavo A. Madero
7150,Gustavo A. Madero
7150,Gustavo A. Madero
7160,Gustavo A. Madero
7164,Gustavo A. Madero
7164,Gustavo A. Madero
7164,Gustavo A. Madero
7164,Gustavo A. Madero
7170,Gustavo A. Madero
7180,Gustavo A. Madero
7180,Gustavo A. Madero
7180,Gustavo A. Madero
8810,Iztacalco
8830,Iztacalco
8840,Iztacalco
8900,Iztacalco
8910,Iztacalco
8920,Iztacalco
8930,Iztacalco
9000,Iztapalapa
9000,Iztapalapa
9000,Iztapalapa
9000,Iztapalapa
9000,Iztapalapa
9000,Iztapalapa
9000,Iztapalapa
9010,Iztapalapa
9020,Iztapalapa
9030,Iztapalapa
9040,Iztapalapa
9060,Iztapalapa
9060,Iztapalapa
9070,Iztapalapa
9080,Iztapalapa
9089,Iztapalapa
9090,Iztapalapa
9099,Iztapalapa
9100,Iztapalapa
9130,Iztapalapa
9140,Iztapalapa
9180,Iztapalapa
9200,Iztapalapa
9208,Iztapalapa
9209,Iztapalapa
9210,Iztapalapa
9220,Iztapalapa
9230,Iztapalapa
9230,Iztapalapa
9230,Iztapalapa
9230,Iztapalapa
9239,Iztapalapa
9240,Iztapalapa
9250,Iztapalapa
9260,Iztapalapa
9270,Iztapalapa
9280,Iztapalapa
9290,Iztapalapa
9300,Iztapalapa
9310,Iztapalapa
9310,Iztapalapa
9310,Iztapalapa
9319,Iztapalapa
9320,Iztapalapa
9350,Iztapalapa
9359,Iztapalapa
9360,Iztapalapa
10378,La Magdalena Contreras
10379,La Magdalena Contreras
10380,La Magdalena Contreras
10400,La Magdalena Contreras
10500,La Magdalena Contreras
10580,La Magdalena Contreras
10600,La Magdalena Contreras
10610,La Magdalena Contreras
10620,La Magdalena Contreras
10630,La Magdalena Contreras
10640,La Magdalena Contreras
10640,La Magdalena Contreras
10640,La Magdalena Contreras
10660,La Magdalena Contreras
10700,La Magdalena Contreras
10710,La Magdalena Contreras
10800,La Magdalena Contreras
10810,La Magdalena Contreras
10820,La Magdalena Contreras
10830,La Magdalena Contreras
10840,La Magdalena Contreras
10840,La Magdalena Contreras
10900,La Magdalena Contreras
10910,La Magdalena Contreras
10920,La Magdalena Contreras
10926,La Magdalena Contreras
11000,Miguel Hidalgo
11000,Miguel Hidalgo
11000,Miguel Hidalgo
11000,Miguel Hidalgo
11000,Miguel Hidalgo
11000,Miguel Hidalgo
11000,Miguel Hidalgo
11000,Miguel Hidalgo
11040,Miguel Hidalgo
11100,Miguel Hidalgo
11100,Miguel Hidalgo
11200,Miguel Hidalgo
11200,Miguel Hidalgo
11210,Miguel Hidalgo
11220,Miguel Hidalgo
11230,Miguel Hidalgo
11240,Miguel Hidalgo
11250,Miguel Hidalgo
11260,Miguel Hidalgo
11260,Miguel Hidalgo
11270,Miguel Hidalgo
13610,Tláhuac
13625,Tláhuac
13630,Tláhuac
13640,Tláhuac
13700,Tláhuac
13700,Tláhuac
14000,Tlalpan
14000,Tlalpan
14010,Tlalpan
14020,Tlalpan
14030,Tlalpan
14039,Tlalpan
14040,Tlalpan
14040,Tlalpan
14049,Tlalpan
14050,Tlalpan
14060,Tlalpan
14070,Tlalpan
14070,Tlalpan
14070,Tlalpan
14080,Tlalpan
14080,Tlalpan
14090,Tlalpan
14100,Tlalpan
14100,Tlalpan
14100,Tlalpan
14100,Tlalpan
14100,Tlalpan
14108,Tlalpan
14110,Tlalpan
14120,Tlalpan
14140,Tlalpan
14150,Tlalpan
14160,Tlalpan
14200,Tlalpan
14200,Tlalpan
14208,Tlalpan
14209,Tlalpan
14210,Tlalpan
14219,Tlalpan
14219,Tlalpan
14220,Tlalpan
14220,Tlalpan
14230,Tlalpan
14239,Tlalpan
14240,Tlalpan
14240,Tlalpan
14248,Tlalpan
14250,Tlalpan
14250,Tlalpan
14250,Tlalpan
14250,Tlalpan
14260,Tlalpan
14260,Tlalpan
14266,Tlalpan
14267,Tlalpan
14268,Tlalpan
14269,Tlalpan
15870,Venustiano Carranza
15900,Venustiano Carranza
15960,Venustiano Carranza
15970,Venustiano Carranza
15980,Venustiano Carranza
15990,Venustiano Carranza
16000,Xochimilco
16000,Xochimilco
16000,Xochimilco
16010,Xochimilco
16010,Xochimilco
16010,Xochimilco
16010,Xochimilco
16020,Xochimilco
16020,Xochimilco
16029,Xochimilco
16030,Xochimilco
16030,Xochimilco
16030,Xochimilco
16030,Xochimilco
16034,Xochimilco
16035,Xochimilco
16035,Xochimilco
16036,Xochimilco
16038,Xochimilco
16040,Xochimilco
16040,Xochimilco
16050,Xochimilco
16050,Xochimilco
16050,Xochimilco
16059,Xochimilco
16060,Xochimilco
16070,Xochimilco
16070,Xochimilco
16070,Xochimilco
16070,Xochimilco
16080,Xochimilco
16080,Xochimilco
16080,Xochimilco
16080,Xochimilco
16083,Xochimilco
16090,Xochimilco
16090,Xochimilco
16090,Xochimilco
16100,Xochimilco
16200,Xochimilco
16210,Xochimilco
16210,Xochimilco
16240,Xochimilco
16300,Xochimilco
16310,Xochimilco
16320,Xochimilco
16340,Xochimilco
16400,Xochimilco
16410,Xochimilco
16420,Xochimilco
16428,Xochimilco
16429,Xochimilco
4640,Coyoacán
4650,Coyoacán
4660,Coyoacán
4700,Coyoacán
4710,Coyoacán
4730,Coyoacán
4730,Coyoacán
4739,Coyoacán
4800,Coyoacán
4800,Coyoacán
4810,Coyoacán
4815,Coyoacán
4830,Coyoacán
4840,Coyoacán
4870,Coyoacán
4890,Coyoacán
4890,Coyoacán
4899,Coyoacán
4909,Coyoacán
4909,Coyoacán
4909,Coyoacán
4910,Coyoacán
4918,Coyoacán
4919,Coyoacán
4920,Coyoacán
4929,Coyoacán
4930,Coyoacán
4938,Coyoacán
4939,Coyoacán
4940,Coyoacán
4950,Coyoacán
4960,Coyoacán
4970,Coyoacán
4980,Coyoacán
4980,Coyoacán
4980,Coyoacán
5000,Cuajimalpa de Morelos
5010,Cuajimalpa de Morelos
5020,Cuajimalpa de Morelos
5030,Cuajimalpa de Morelos
5030,Cuajimalpa de Morelos
5050,Cuajimalpa de Morelos
5100,Cuajimalpa de Morelos
5110,Cuajimalpa de Morelos
5118,Cuajimalpa de Morelos
5119,Cuajimalpa de Morelos
5120,Cuajimalpa de Morelos
5129,Cuajimalpa de Morelos
5200,Cuajimalpa de Morelos
5219,Cuajimalpa de Morelos
5220,Cuajimalpa de Morelos
5230,Cuajimalpa de Morelos
5240,Cuajimalpa de Morelos
5260,Cuajimalpa de Morelos
5269,Cuajimalpa de Morelos
7510,Gustavo A. Madero
7520,Gustavo A. Madero
7530,Gustavo A. Madero
7540,Gustavo A. Madero
7550,Gustavo A. Madero
7560,Gustavo A. Madero
7570,Gustavo A. Madero
7580,Gustavo A. Madero
7600,Gustavo A. Madero
7620,Gustavo A. Madero
7630,Gustavo A. Madero
7640,Gustavo A. Madero
7650,Gustavo A. Madero
7670,Gustavo A. Madero
7680,Gustavo A. Madero
7700,Gustavo A. Madero
7707,Gustavo A. Madero
7708,Gustavo A. Madero
7720,Gustavo A. Madero
7730,Gustavo A. Madero
7730,Gustavo A. Madero
7730,Gustavo A. Madero
7739,Gustavo A. Madero
7740,Gustavo A. Madero
7750,Gustavo A. Madero
7754,Gustavo A. Madero
7755,Gustavo A. Madero
7760,Gustavo A. Madero
7770,Gustavo A. Madero
7770,Gustavo A. Madero
7780,Gustavo A. Madero
7780,Gustavo A. Madero
7790,Gustavo A. Madero
7790,Gustavo A. Madero
7800,Gustavo A. Madero
7810,Gustavo A. Madero
7820,Gustavo A. Madero
7820,Gustavo A. Madero
7830,Gustavo A. Madero
7838,Gustavo A. Madero
7839,Gustavo A. Madero
7840,Gustavo A. Madero
7840,Gustavo A. Madero
7850,Gustavo A. Madero
7850,Gustavo A. Madero
7858,Gustavo A. Madero
7859,Gustavo A. Madero
7860,Gustavo A. Madero
7860,Gustavo A. Madero
7869,Gustavo A. Madero
7870,Gustavo A. Madero
7870,Gustavo A. Madero
7880,Gustavo A. Madero
7889,Gustavo A. Madero
7890,Gustavo A. Madero
7890,Gustavo A. Madero
9660,Iztapalapa
9670,Iztapalapa
9680,Iztapalapa
9689,Iztapalapa
9690,Iztapalapa
9696,Iztapalapa
9698,Iztapalapa
9700,Iztapalapa
9700,Iztapalapa
9700,Iztapalapa
9700,Iztapalapa
9704,Iztapalapa
9705,Iztapalapa
9706,Iztapalapa
9708,Iztapalapa
9709,Iztapalapa
9710,Iztapalapa
9720,Iztapalapa
9720,Iztapalapa
9730,Iztapalapa
9740,Iztapalapa
9750,Iztapalapa
9750,Iztapalapa
9750,Iztapalapa
9760,Iztapalapa
9769,Iztapalapa
9770,Iztapalapa
9780,Iztapalapa
9780,Iztapalapa
9790,Iztapalapa
9800,Iztapalapa
9800,Iztapalapa
9800,Iztapalapa
9800,Iztapalapa
9800,Iztapalapa
9800,Iztapalapa
9800,Iztapalapa
9800,Iztapalapa
9800,Iztapalapa
9810,Iztapalapa
9810,Iztapalapa
9810,Iztapalapa
9810,Iztapalapa
9819,Iztapalapa
9820,Iztapalapa
9820,Iztapalapa
9820,Iztapalapa
9820,Iztapalapa
9828,Iztapalapa
9829,Iztapalapa
9830,Iztapalapa
9830,Iztapalapa
9830,Iztapalapa
9830,Iztapalapa
9830,Iztapalapa
9837,Iztapalapa
9838,Iztapalapa
11700,Miguel Hidalgo
11800,Miguel Hidalgo
11800,Miguel Hidalgo
11810,Miguel Hidalgo
11820,Miguel Hidalgo
11830,Miguel Hidalgo
11840,Miguel Hidalgo
11850,Miguel Hidalgo
11850,Miguel Hidalgo
11860,Miguel Hidalgo
11870,Miguel Hidalgo
11910,Miguel Hidalgo
11920,Miguel Hidalgo
11930,Miguel Hidalgo
11950,Miguel Hidalgo
12000,Milpa Alta
12000,Milpa Alta
12000,Milpa Alta
12000,Milpa Alta
12000,Milpa Alta
12000,Milpa Alta
12000,Milpa Alta
12070,Milpa Alta
12080,Milpa Alta
12100,Milpa Alta
12100,Milpa Alta
12100,Milpa Alta
12100,Milpa Alta
12100,Milpa Alta
12110,Milpa Alta
12110,Milpa Alta
12200,Milpa Alta
12200,Milpa Alta
12200,Milpa Alta
12200,Milpa Alta
12250,Milpa Alta
12300,Milpa Alta
12400,Milpa Alta
12400,Milpa Alta
12400,Milpa Alta
12410,Milpa Alta
12500,Milpa Alta
12600,Milpa Alta
12700,Milpa Alta
12800,Milpa Alta
12910,Milpa Alta
12920,Milpa Alta
12930,Milpa Alta
12940,Milpa Alta
12950,Milpa Alta
13000,Tláhuac
13010,Tláhuac
13020,Tláhuac
13030,Tláhuac
13040,Tláhuac
13050,Tláhuac
13060,Tláhuac
13060,Tláhuac
14479,Tlalpan
14480,Tlalpan
14490,Tlalpan
14500,Tlalpan
14600,Tlalpan
14608,Tlalpan
14609,Tlalpan
14610,Tlalpan
14620,Tlalpan
14629,Tlalpan
14630,Tlalpan
14630,Tlalpan
14640,Tlalpan
14643,Tlalpan
14646,Tlalpan
14647,Tlalpan
14647,Tlalpan
14647,Tlalpan
14650,Tlalpan
14653,Tlalpan
14655,Tlalpan
14657,Tlalpan
14658,Tlalpan
14659,Tlalpan
14700,Tlalpan
14710,Tlalpan
14720,Tlalpan
14730,Tlalpan
14734,Tlalpan
14735,Tlalpan
14737,Tlalpan
14738,Tlalpan
14739,Tlalpan
14740,Tlalpan
14748,Tlalpan
14748,Tlalpan
14749,Tlalpan
14760,Tlalpan
14900,Tlalpan
15000,Venustiano Carranza
15010,Venustiano Carranza
15020,Venustiano Carranza
15100,Venustiano Carranza
15200,Venustiano Carranza
15210,Venustiano Carranza
15220,Venustiano Carranza
15220,Venustiano Carranza
15230,Venustiano Carranza
15240,Venustiano Carranza
15250,Venustiano Carranza
15260,Venustiano Carranza
15270,Venustiano Carranza
15280,Venustiano Carranza
13070,Tláhuac
13070,Tláhuac
13080,Tláhuac
13090,Tláhuac
13093,Tláhuac
13094,Tláhuac
13099,Tláhuac
13100,Tláhuac
13120,Tláhuac
13120,Tláhuac
13150,Tláhuac
13180,Tláhuac
13200,Tláhuac
13210,Tláhuac
13219,Tláhuac
13219,Tláhuac
13220,Tláhuac
13230,Tláhuac
13250,Tláhuac
13270,Tláhuac
13273,Tláhuac
13278,Tláhuac
13280,Tláhuac
13300,Tláhuac
13300,Tláhuac
13300,Tláhuac
13300,Tláhuac
13300,Tláhuac
13310,Tláhuac
13315,Tláhuac
13319,Tláhuac
13360,Tláhuac
13360,Tláhuac
13360,Tláhuac
13400,Tláhuac
13410,Tláhuac
13419,Tláhuac
13420,Tláhuac
13430,Tláhuac
13440,Tláhuac
13450,Tláhuac
13450,Tláhuac
13460,Tláhuac
13508,Tláhuac
13508,Tláhuac
13509,Tláhuac
13510,Tláhuac
13520,Tláhuac
13530,Tláhuac
13530,Tláhuac
13540,Tláhuac
13540,Tláhuac
13545,Tláhuac
13549,Tláhuac
13550,Tláhuac
13550,Tláhuac
13600,Tláhuac
3103,Benito Juárez
3104,Benito Juárez
3200,Benito Juárez
3230,Benito Juárez
3240,Benito Juárez
3300,Benito Juárez
3303,Benito Juárez
3310,Benito Juárez
3320,Benito Juárez
3330,Benito Juárez
3340,Benito Juárez
3400,Benito Juárez
3410,Benito Juárez
3420,Benito Juárez
3430,Benito Juárez
3440,Benito Juárez
3500,Benito Juárez
3510,Benito Juárez
3520,Benito Juárez
3530,Benito Juárez
3540,Benito Juárez
3550,Benito Juárez
3560,Benito Juárez
3570,Benito Juárez
3580,Benito Juárez
3590,Benito Juárez
3600,Benito Juárez
3610,Benito Juárez
3620,Benito Juárez
3630,Benito Juárez
3640,Benito Juárez
3650,Benito Juárez
3660,Benito Juárez
3700,Benito Juárez
3710,Benito Juárez
3720,Benito Juárez
3730,Benito Juárez
3740,Benito Juárez
3800,Benito Juárez
3810,Benito Juárez
3820,Benito Juárez
3840,Benito Juárez
3900,Benito Juárez
3910,Benito Juárez
3920,Benito Juárez
3930,Benito Juárez
3940,Benito Juárez
4000,Coyoacán
4010,Coyoacán
4020,Coyoacán
4030,Coyoacán
1220,Álvaro Obregón
1230,Álvaro Obregón
1230,Álvaro Obregón
1230,Álvaro Obregón
1230,Álvaro Obregón
1230,Álvaro Obregón
1239,Álvaro Obregón
1240,Álvaro Obregón
1250,Álvaro Obregón
1250,Álvaro Obregón
1250,Álvaro Obregón
1250,Álvaro Obregón
1250,Álvaro Obregón
1259,Álvaro Obregón
1259,Álvaro Obregón
1260,Álvaro Obregón
1260,Álvaro Obregón
1260,Álvaro Obregón
1260,Álvaro Obregón
1260,Álvaro Obregón
1269,Álvaro Obregón
1269,Álvaro Obregón
1270,Álvaro Obregón
1270,Álvaro Obregón
1270,Álvaro Obregón
1270,Álvaro Obregón
1270,Álvaro Obregón
1270,Álvaro Obregón
1275,Álvaro Obregón
1276,Álvaro Obregón
1278,Álvaro Obregón
1279,Álvaro Obregón
1280,Álvaro Obregón
1280,Álvaro Obregón
1280,Álvaro Obregón
1280,Álvaro Obregón
1285,Álvaro Obregón
1289,Álvaro Obregón
1290,Álvaro Obregón
1290,Álvaro Obregón
1296,Álvaro Obregón
1296,Álvaro Obregón
1296,Álvaro Obregón
1298,Álvaro Obregón
1299,Álvaro Obregón
1299,Álvaro Obregón
1310,Álvaro Obregón
1320,Álvaro Obregón
1330,Álvaro Obregón
1340,Álvaro Obregón
1376,Álvaro Obregón
1376,Álvaro Obregón
1376,Álvaro Obregón
1376,Álvaro Obregón
1377,Álvaro Obregón
